in_resume,versions,section,priority,title,institution,loc,start,end,url,description_1,description_2,description_3,description_4,description_5,description_6
TRUE,all,education,,"Ph.D. in Economics, Candidate",Example University,"Sample City, USA",2021,,,"Dissertation: Essays on Labor Markets and Public Policy",Expected graduation year: 2027,,,,
TRUE,academic;teaching,education,,M.Sc. in Economics,Sample State University,"Sample City, USA",2018,2020,,,,,,,
FALSE,,education,,B.A. in Economics,Sample College,"Sample City, USA",2014,2018,,This row is hidden because in_resume is FALSE,,,,,
TRUE,all,research_positions,,Graduate Research Assistant,Example University,"Sample City, USA",2022,2024,,Estimated labor-supply models with linked administrative data,Wrote reports for non-academic audiences,,,,
TRUE,industry;academic,industry_positions,,Project Manager,Example Manufacturing Co.,"Capital City, USA",2012,2018,,Led cross-functional teams to launch new products,Negotiated contracts with suppliers,,,,
TRUE,teaching;academic,teaching_positions,2,Econometrics I,Example University,"Sample City, USA",,Fall 2024,,Held weekly sections and office hours,,,,,
TRUE,teaching;academic,teaching_positions,1,Intermediate Microeconomics,Example University,"Sample City, USA",,Spring 2025,,Sole instructor for 60 students,Designed problem sets and exams,,,,
TRUE,academic,working_papers,,Public Transit and Access to Work,Working paper,with Sam Lee,,2025,https://example.com/transit,This paper studies how new transit lines change job access for low-income workers.,,,,,
TRUE,academic;teaching,academic_articles,,Childcare Access and Parental Employment,*Journal Name*,with Jamie Chen,,2023,https://example.com/childcare,,,,,,
TRUE,academic;industry,reports,,Income Support after Job Loss,Example Policy Institute,,,2024,,,,,,,
FALSE,,by_me_press,,Hidden press item,Example News,,2020,2020,,,,,,,
